data_id,id,classe,colonne,artefact,valeur
data51053,DATA_16419,B,darija_arabic,espaces doubles,"برا المصارعة المحترفة، دار بزاف ديال الظهورات كضيف ف الأفلام و  التلفزة، و منها الدور الرئيسي ف فيلم ""ذا تشابيرون"" اللي ..."
data51053,DATA_16419,B,modern_standard_arabic,espaces doubles,"بعيداً عن عالم مصارعة المحترفين،  ظهر عدة مرات كضيف في السينما والتلفزيون، بما في ذلك دور البطولة في فيلم ""ذا تشابيرون"" ..."
data51059,DATA_7330,A,modern_standard_arabic,espaces doubles,لقد أثمر تدريبنا  و استعدادنا كثيرا في مباراة اليوم
data51063,WIKI_D_08734,D,darija_arabic,espaces doubles,"السلسلة تصوّرات فبرلين الغربية و مارساي كإنتاج مشترك ألماني غربي، فرنسي و أمريكي من طرف ""إنتركونتيننتال تلفزيون فيلمز"". ..."
data51093,WIKI_D_03779,D,darija_arabic,espaces doubles,كاسان، جان ماري؛ كورساك، ماريولا (2001). د أسماء ديال و الدواور. جان  ماري ص. 92. أي إس بي إن 978-2-40-5.
data51098,WIKI_C_05258,C,modern_standard_arabic,espaces doubles,على مر السنين، سُمّي ماكارتني أحد المؤثرين الصوتيين البارزين من قبل عدد من الفنانين المشهورين، بما في ذلك كريس كورنيل، و...
data51119,WIKI_C_04276,C,english,espaces doubles,"The current belt consists primarily of three categories of asteroids: C type or carbonaceous asteroids, S type or silica..."
data51121,WIKI_C_06338,C,english,<unk>/unknown,"Given the planet 's high mass, the planet is a gas giant with no solid surface. Since the planet has only been detected ..."
data51123,DATA_22840,B,darija_arabic,espaces doubles,ربحو مجموعين 12 لبطولة  ديال روما مورًّا على بعضياتهم من 2005. فهاد المدة، نادال ربح 7، دجوكوفيتش 4، وموراي 1.
data51137,DATA_17817,B,modern_standard_arabic,espaces doubles,إن تركيب هذه الخرائط ممكن، وهذا يعطي حلقة المصفوفات مصفوفات  إن × إن التي تمثل حلقة التشاكل الذاتي للفضاء رن.
data51143,WIKI_D_10295,D,darija_arabic,espaces doubles,بهارات كاول بدور راجيش أرورا – البوليسي اللي مكلف يسيطر ويحافظ على القانون والنظام فديك لبلاصة اللي فيها الروينة  تعرف ع...
data51178,WIKI_D_09946,D,darija_arabizi,espaces doubles,"malcom makkulok, ostad tṭib nnafsi ljina2i fjami3at cardiff, lamaḥ blli had drib, w dour lli la3b baha d hindley fih, yi..."
data51178,WIKI_D_09946,D,english,espaces doubles,"Malcolm MacCulloch , professor of forensic psychiatry at Cardiff University , suggested that this beating, and the part ..."
data51210,DATA_21312,B,darija_arabic,LATIN dans Darija Arabic,"1964 – 65 , 1973 – 74 , 1985 – 86 , 1988 – 89 , 1991 – 92 , 2000 – 01 , 2005 – 06"
data51216,DATA_22175,B,darija_arabic,espaces doubles,"على معدل مرجح، سلم 100 نقطة، التقرير ديال الكشاف ديال نايكيرك لـ ""البيسبول  كيوب"" هو كالآتي:"
data51221,DATA_13680,B,darija_arabic,espaces doubles,بدات الخدمة على فيلم تمبريتشيرز رايزين في غشت 1972، والتصوير كان ف بوربانك استوديوزف بوربانك  كاليفورنيا.
data51237,WIKI_C_06735,C,english,espaces doubles,Uruguay and Argentina's massive semi-final wins set up a final that was a repeat of the 1928 Olympic match which Uruguay...
data51262,WIKI_D_08618,D,darija_arabic,espaces doubles,نهار 4  دجنبر 1996، الجريدة دارت واحد الحفلة باش يحتفلوا بالذكرى 50 ديال غرس الشجرة الجديدة. دان ماڭيل، اللي كان هو اللي...
data51271,WIKI_D_06462,D,darija_arabic,espaces doubles,ف شهر أبريل 2012، واحد لمحكمة ف هامبورغ حكمات باللي يوتيوب يقدر يتحمل المسؤولية على المحتوى لي فيه حقوق الطبع والنشر لي ...
data51290,WIKI_C_01545,C,modern_standard_arabic,espaces doubles,أنشئْ مثلثاً ثانياً طولُ ضلعيهِ  أ  و ب ويحتوي على زاويةٍ قائمة. وبناءً على مبرهنةِ فيثاغورس، يتبينُ أنَّ وترَ هذا المثل...
data51317,DATA_21405,B,modern_standard_arabic,espaces doubles,حصلَ على أوراقِ البلوطِ رقم 266 في 2 أغسطس 1943 بصفتهِ ملازماً أولَ (ضابط حرب) وقائداً للسربِ السابع  7/جي جي 5.
data51318,DATA_2859,A,darija_arabic,phrase tronquée,لي كانقصد هو راه ماكانش الخطأ ديالي...
data51318,DATA_2859,A,darija_arabizi,phrase tronquée,li kan9sad hwa rah makanch lkhata2 dyali...
data51318,DATA_2859,A,english,phrase tronquée,I mean it wasn't really my fault...
data51318,DATA_2859,A,modern_standard_arabic,phrase tronquée,أعني، لم يكن الأمر خطئي حقًا...
data51323,WIKI_D_08448,D,darija_arabic,espaces doubles,"بيزلي وݣولد كيشوفو باللي تومسون شاف الشكل ""كنتيجة لقوى ديناميكية.. تشكلات بتدفقات الطاقة ومراحل النمو"". وكيمدحو ""كتابتو ..."
data51329,DATA_12755,B,darija_arabic,espaces doubles,"حومپتي كيبان في رواية  ""مورا الزاج"" ديال لويس كارول (1872)، فين كيهضر مع أليس على المعاني وكيفاش الكلام كيتفهم."
data51467,DATA_19909,B,english,espaces doubles,"""The Liberty Bell""  (1893) (later used as credits theme for Monty Python 's Flying Circus TV series)."
data51467,DATA_19909,B,modern_standard_arabic,espaces doubles,"  ""جرس الحرية"" (عام 1893) (استخدم لاحقاً كموسيقى تصويرية لبرنامج .تلفزيون مونتي بايثون للطيران السيرك)"
data51483,WIKI_C_04948,C,darija_arabizi,espaces doubles,"f sbah 8 d dounbir,  u-43 t3rdat l hojoum mn tarf tayara ma ma3rofinsh w tkhssret bzzf. rje3at l wilhelmshaven 6 ayam mu..."
data51490,WIKI_D_05629,D,darija_arabic,espaces doubles,الاندلاع ديال الصراع عطى الذريعة للعنف بين ميرينا ديال الجبال والملغاشيين الساحليين من مجموعات عرقية أخرى. شي 1900 حتى 5...
data51501,DATA_18235,B,darija_arabizi,espaces doubles,Prime7 (m3a morafiq l bath l wataniya dyal GWN7) kaynin f Canberra. L2idara /  l moqarar arra2issi dyal Prime Media Grou...
data51502,WIKI_C_11357,C,darija_arabizi,espaces doubles,"walakin yemken garran ykoun machhour ktar k khabir f l qanoun ddostouri, ktar mn l mosahemat l okhra dyalo f l khidma l ..."
data51521,DATA_16513,B,english,espaces doubles,"Uncanny X-Men Annual N°  9-10, 12, 14 (with Chris Claremont, Marvel, 1985–1990)"
data51555,WIKI_C_03347,C,modern_standard_arabic,espaces doubles,بعد عامين، احتلَّت عودةُ بيتر كانافان من الإصابة كبديلٍ في الدقائق 10 الأخيرة المرتبةَ الرابعة عشرة ضمن سلسلة أفضل 20 لح...
data51556,WIKI_D_02949,D,modern_standard_arabic,espaces doubles,توجدُ كميةٌ قليلةٌ من المحفزاتِ البيولوجيةِ القائمةِ على الحمضِ النوويِّ الريبوزي آر إن إي تُسمى الريبوزيمات، والتي يمكن...
data51588,WIKI_D_02581,D,modern_standard_arabic,espaces doubles,في عام 2003، سجلت الفرقةُ النحاسيةُ 'يانغبلود براس باند (من أوريغون، ويسكونسن، الولايات المتحدة) نسخة ريوت جاز من الأغني...
data51599,DATA_17903,B,modern_standard_arabic,espaces doubles,كان وصية البارون فرديناند محددة للغاية، وكان عدم الالتزام بشروطها يبطلها. ونصت على أن المجموعة يجب أن تكون محفوظة ومجموع...
data51603,WIKI_D_06437,D,darija_arabic,espaces doubles,القصة ديالي هي واحد المذكرات كتعاود كلشي ديال الكندية جولي كويار.  تكتبات بالفرنسية أولاً، ومن بعد في صيف 2008، ترجموها ...
data51648,WIKI_C_06604,C,modern_standard_arabic,espaces doubles,يُصور كأنه محارب قوي ولديه الكثير من الصفات المشتركة مع الإله الإسكندنافي أودين، ولكن وجوده الحقيقي في التاريخ أمر لا شك...
data51664,WIKI_D_07842,D,english,<unk>/unknown,"Introduced by the second International Opium Convention , the Permanent Central Opium Board had to supervise the statist..."
data51683,WIKI_D_04431,D,english,espaces doubles,"Harrison wrote  ""Piggies"" as an attack on greed and materialism in modern society . His mother and Lennon helped him com..."
data51685,WIKI_D_05207,D,darija_arabic,LATIN dans Darija Arabic,"w 7ed l-EP tab3 tsemma Trouble – Norwegian Live EP tlqoh f ssyf dyal 2001, fih 5 dyal l-morso tsjlo live men tarf l-fraq"
data51730,WIKI_C_08200,C,darija_arabic,espaces doubles,كتكون متقاربة إلا و غير إلا كانت هاديك e ناقص e صغر أو كتساوي x صغر أو كتساوي واحد على e  (أو تقريبا بين 0.36 و 2.71)، ب...
data51751,WIKI_D_00978,D,darija_arabic,espaces doubles,لمجلس وصى تا بتفتيش منتظم لقواعد لجنيح باش يكتشفو شي صديعات ديال لعيا، ويزيدو فالغلظ ديال لجزء ديال لجنيح اللي ملاصق مع ...
data51806,DATA_18716,B,darija_arabic,espaces doubles,سجلات لمواسم - سجلات فردية - حراس لمرمى  لموقع تّاريخي لنادي مونتريال كانيديينز. تّخدات ف 12-12-2008.
data51818,DATA_22964,B,darija_arabic,espaces doubles,هايمز گرين -  خرج نهار 16 سبتمبر 2008 (لميريكان)، شهر غشت 2008 (لبريطانيا) (ذي پيت بيست باند)
data51818,DATA_22964,B,english,espaces doubles,"Haymans Green - Released 16 September 2008 (US),  August 2008 (UK) (The Pete Best Band)"
data51849,WIKI_D_09959,D,darija_arabic,espaces doubles,لمضاربة ممنوعة منعاً كلياً فالدوريات الأوروبية ديال الهوكي المحترف وفالألعاب الأولمبية ديال الهوكي على الجليد. القواعد ا...
data51887,DATA_0598,A,darija_arabic,phrase tronquée,"وه... صراحة, عندي واحد المشكل أ الشاف ..."
data51887,DATA_0598,A,darija_arabizi,phrase tronquée,"Uh... Sara7a, 3ndi wahd lmochkil a chef ..."
data51887,DATA_0598,A,english,phrase tronquée,"Uh... actually, I have a problem, boss..."
data51887,DATA_0598,A,modern_standard_arabic,phrase tronquée,اه... في الواقع، لدي مشكلة يا رئيس...
data51891,DATA_10582,A,english,espaces doubles,I dont think  i will eat all this food
data51923,DATA_14117,B,darija_arabic,LATIN dans Darija Arabic,C (s) + H2O (g) -> CO (g) + H2 (g)
data51942,WIKI_C_03862,C,english,<unk>/unknown,Twenty three species of butterflies and 105 species of moth enjoy the floral diversity of the site . The holly blue ( <u...
data51980,WIKI_C_09285,C,darija_arabic,espaces doubles,مانزانار بقات خاوية حتى لجيش لميريكاني كرا 6200  فدان من مدينة لوس أنجلوس باش يدير مركز مانزانار ديال ترحيل ديال لحرب.
data51989,WIKI_C_01147,C,darija_arabic,espaces doubles,حطم 91 ريكور عالمي ديال طيران مصادق عليهم من طرف الفيدرالية الجوية الدولية منهم 36 باقين كاينين زائد 23 ريكور عالمي ديال...
